YEAR,L3,total_revenue,total_volume
2010,A.B.COMPANY OF WISCONSIN,31.49,47
2010,ADELANTE INC,161.23000000000002,57
2010,ALBERS DEVELOPMENT LLC,1388.15,511
2010,ALLEN CANNING CO,834.48,470
2010,ALTRIA GROUP,6545.89,2513
2010,AMERI FOODS SNACKS,858.21,434
2010,AMERIFOODS,2897.45,606
2010,ANACON FOODS CO,718.6,230
2010,ANN'S HOUSE OF NUTS INC,58.830000000000005,17
2010,ARA FOOD CORP,269.13,158
2010,ARBOR NUT PRODS,26.22,38
2010,ART'S MEXC PRODS INC,397.06,159
2010,AUNT EM'S GOURMET POPCORN,3.59,1
2010,AURORA PRODUCTS,805.14,136
2010,AZTECA FOODS INC,1102.04,795
2010,B&H COMPANY,245.62,88
2010,BACHMAN CO,33863.15,14343
2010,BALLREICH BROS INC,7563.01,2500
2010,BARBARA'S BAKERY,612.2,277
2010,BBM CHOCOLATE DISTRIBUTORS LTD,9.32,12
2010,BEATRICE FOODS CO,86.57,43
2010,BEIGEL & BEIGEL,539.43,393
2010,BENZEL BRETZEL BKR INC,3166.28,1956
2010,BETTER MADE SNACK FOODS INC,11051.19,4100
2010,BIMBO BAKERIES USA,4214.1900000000005,1583
2010,BIRDS EYE FOODS INC,8403.21,3495
2010,BLACKBIRD FOOD CO,10.39,2
2010,BLOOM PCKG CORP,28.88,82
2010,BOB EVANS FARMS INC,1458.94,427
2010,BODACIOUS FOOD COMPANY,2627.13,714
2010,BOLNERS FIESTA PRODS INC,16.01,9
2010,BRIMHALL FOODS CO INC,129.82,102
2010,C J VITNER CO,926.65,1038
2010,C. R. FRANK POPCORN & SUPP,593.3,170
2010,CALBEE AMER INC,9847.88,5394
2010,CAPE COD POTATO CHIP,92522.06,31033
2010,CAROLINA COUNTRY MANUFACTURING,365.03000000000003,297
2010,CARRIAGE HILL BRANDS INC,49.39,52
2010,CASA SANCHEZ,934.77,313
2010,CENTRAL SNACKS INC,317.6,230
2010,CHEEZE KURLS INC,719.78,569
2010,CHEMA PORK SKINS,1384.89,351
2010,CHICHARRONES MAMBI,15.21,9
2010,CLASSIC FOODS INC,461.04,466
2010,COLBY RIDGE POPCORN,2590.87,1075
2010,CONAGRA FOODS INC,15989.72,8480
2010,CONN POTATO CHIP CO,194.99,78
2010,CROSS & PETERS INC,330.34000000000003,166
2010,CYCLONE ENTP,72.6,50
2010,DANDY FOOD PROD,233.99,160
2010,DAY & NITE MARKET,56.81,19
2010,DEL MONTE FOODS,11247.01,6886
2010,DEL REY TRTL INC,192.75,93
2010,DEMARCO INTERESTS INC,427.61,493
2010,DIAZ WHLSL & MFG. CO INC,12.54,4
2010,DIEFFENBACHS,727.76,250
2010,DON JULIO FOODS,2245.91,1681
2010,DORINA FOODS INC,553.25,170
2010,DOS PADRES INC.,540.72,419
2010,DOWNEY'S POTATO CHIPS,431.79,111
2010,DULION ESTATE BAKERY,60.64,16
2010,EAST SHORE SPECIALTY FOODS,57.31,19
2010,EDEN FOODS INC,12.57,3
2010,EL BURRITO MERCADO,610.87,153
2010,EL MATADOR TORTILLA FACTORY,7420.15,2673
2010,EL MILAGRO,12098.7,3695
2010,EL PARAISO MEXC FOOD PROD,84.52,61
2010,EL RANCHERO FOOD PRODS,11044.539999999999,4141
2010,EL RIO TRTL INC,5.98,2
2010,EL-MATADOR FOODS INC,14.899999999999999,10
2010,ELMER'S FINE FOODS INC,89.55,45
2010,EMZEE SNACKS,2.58,2
2010,ENER-G FOODS INC,1141.73,492
2010,ENERGY CLUB INC.,23.76,24
2010,EVANS FOOD PRODS CO,7509.83,5275
2010,FALLER'S PRETZEL CO.,120.59,31
2010,FEROLITO VULTAGGIO & SONS,1.49,1
2010,FESTIVAL TIME KETTLE KORN,149.94,59
2010,FOOD SHOULD TASTE GOOD,2325.34,963
2010,FRANCH D A,14.85,27
2010,FRONTERA FOODS INC.,412.22,137
2010,GARDEN FRESH SALSA CO,19554.43,7909
2010,GASLAMP POPCORN CO,367.5,245
2010,GENERAL MILLS,187839.56,81621
2010,GENISOY PRODUCTS COMPANY,4745.56,1795
2010,GETTYSBURG PRETZEL CO INC,61.03,17
2010,GLUTINO IMPORTATIONS DEROMA INC,6156.84,899
2010,GOLD MEDAL PRODS,140.61,89
2010,GOLD MINERS III KETTLECORN,193.98,42
2010,GOLDEN FLAKE SNACK FOODS,12316.51,6893
2010,GOLDEN FLUFF,104.75999999999999,104
2010,GOLDEN PFC FOODS INC,14.690000000000001,11
2010,GONZALEZ FRIED PRODS,25.65,15
2010,GOOD HEALTH NATURAL FOODS INC.,202.39,68
2010,GOYA FOODS INC,1371.9,698
2010,GRANDE FOODS INC,7719.52,3370
2010,GREAT SKOTT FOODS INC,11.07,3
2010,GRIPPO POTATO CHIP CO INC,96.28,62
2010,GRUMA S A,6838.49,2550
2010,GUYS FOODS INC.,1919.85,769
2010,HACIENDA MEXC FOOD PROD,1666.81,469
2010,HAMMOND PRETZEL BKR INC,419.46,154
2010,HANOVER FOODS CORP,718.0,333
2010,HAPPY HERBERT'S FOOD COMPANY I,11.760000000000002,4
2010,HARTLEY'S POTATO CHIP CO. INC,120.43,37
2010,HARVIN CHOICE MEATS INC,33.93,27
2010,HAVE'A NATR FOODS,1328.78,593
2010,HAW MEX DISTR,1023.99,573
2010,HERR FOODS INC,123599.71,55431
2010,HILTON HEAD POPCORN,327.69,123
2010,HORKYS MEX FOOD PRODS & REST,521.36,158
2010,HORMEL FOODS,4446.73,1446
2010,HR POPPIN SNACKS,7.07,2
2010,HUME SPCL,3825.18,1460
2010,HUMPHREY CO,40.81,67
2010,HUMPTY DUMPTY CO.,3260.57,1617
2010,I & K DISTRIBUTORS,84.97,36
2010,IMAGE FOODS INC,548.61,389
2010,INKA CROPS,151.41,121
2010,INTERNATIONAL PROVISIONS,185.68,92
2010,IRA M MIDDLESWARTH & SON,10117.09,3157
2010,J & B SAUSAGE CO INC,102.67,33
2010,J & M FOODS INC.,17.94,6
2010,J E J GARCIA,3.99,1
2010,J REISMAN & SONS INC,173.25,175
2010,JEAN'S FOODS INC,14.49,6
2010,JENKINS FOODS,69.07,51
2010,JOHN WM MACYS CHEESESTICKS,2360.84,622
2010,JONES POTATO CHIP CO,4560.14,2094
2010,JUANITA'S FOODS,7434.46,3518
2010,JULIO'S SEASONING,1561.94,462
2010,KAR NUT PRODS CO,2.99,1
2010,KARA FOODS,6.57,3
2010,KATIES OLD FASHIONED POTATO,35.88,12
2010,KAY & RAY'S POTATO CHIPS,650.97,163
2010,KAYS NATURALS,10.17,3
2010,KELLOGG CO,4512.44,521
2010,KETTLE CORN CAFE,1739.5900000000001,680
2010,KETTLE CREEK OUTFITTERS,32.45,10
2010,KETTLE FOODS INC,73480.74,29612
2010,KEYSTONE FOOD PRODS INC,909.89,445
2010,KIKKOMAN INTL INC,250.06,96
2010,KING HENRY'S,5.97,3
2010,KINGS POTATO CHIPS,55.43,24
2010,KITCH'N COOK'D POTATO CHIP,426.94,149
2010,KITOV PRODS INC,151.99,151
2010,KLN ENTERPRISE,8202.8,3792
2010,KRAS,14.21,17
2010,KTCHN COOKED INC,10613.39,5206
2010,LA BONITA MEXICAN FOOD PROD,76.05,45
2010,LA CHULITA FOOD PRODS INC,86.41000000000001,29
2010,LA MEXICANA INC,451.98,182
2010,LA POBLANITA MEXC FOODS,11.04,5
2010,LA PREFERIDA INC,40.01,15
2010,LAM'S FOODS INC.,53.459999999999994,54
2010,LANCE INC,392.1,302
2010,LANDAU CO,12.54,6
2010,LDI INC,2974.9900000000002,1213
2010,LEALS TORTILLA,68.64,16
2010,LEHI VALLEY WHLSL,202.47,53
2010,LIEBER CHOC & FOOD PROD,19.66,14
2010,LIPARI FOODS INC,3.7800000000000002,2
2010,LISBON SAUSAGE CO INC,16.95,7
2010,LISY CORPORATION,4.35,3
2010,LUNDBERG FAMILY FARMS,8329.0,3426
2010,M.L. WEEK ENTP INC,42.0,42
2010,M.S.A. ENTERPRISES,465.45,173
2010,MANDA PCKG CO,78.97999999999999,22
2010,MANUEL'S HOT TAMALES INC,1.99,1
2010,MARILYN'S FRESH FOODS,33.5,10
2010,MARQUEZ BROS MEXC IMP,4.88,2
2010,MARS INC,216.57,310
2010,MARTIN SNACKS,7801.85,3175
2010,MARTIN'S POTATO CHIPS INC,27280.89,11108
2010,MATILDA GROUP INC,1.99,1
2010,MAXIM MARKETING CORP,85.57,43
2010,MCCLEARY INDS INC,250.0,250
2010,MEDITCO INC.,27.81,9
2010,MERCADO LATINO OF L A,3.58,2
2010,MEXI-SNAX CORP,952.5500000000001,251
2010,MHM HOLDINGS,70.35,27
2010,MI CONSTENITA FOOD DIST.,10.95,5
2010,MI RANCHITO MEXICAN FOOD PRODUC,1545.73,1172
2010,MICHAEL DISTG CO INC,2616.94,1324
2010,MIKE SELL INC,1346.6,601
2010,MISTER BEE POTATO CHIP CO,73.79,21
2010,MISTER SNACKS INC.,6.57,3
2010,MOOKS CHEESESTRAWS,188.73,27
2010,MORGAN ENTERPRISES,7.98,2
2010,MOVIE STYLE POPCORN CO,25.11,9
2010,MR G'S POTATO CHIP CO,347.86,94
2010,MRB SNACKS & ASSOCIATES,1541.37,1634
2010,MUMFORD'S POTATO CHIP CO,186.04000000000002,46
2010,MUTT & JEFF ENTP INC,82.25,75
2010,NATIONAL FOOD CORPORATION,696.23,346
2010,NATR FOOD SYS INC,6.49,1
2010,NATURESTAR,1549.4,553
2010,NEWMANS OWN INC,1882.25,764
2010,NONG SHIM LTD,129.35,135
2010,NORTHWEST MEXC FOODS INC,1879.03,813
2010,O-M DISTR INC,146.51000000000002,49
2010,OBERTO SAUSAGE CO,211.06,181
2010,OCHO RIOS MIAMI INC.,32.25,25
2010,ODESSA TRTL & TAMALE FCTRY,19.12,8
2010,OLD DUTCH FOODS INC,28952.18,11305
2010,OLD FASHIONED BRAND CO,13.96,4
2010,OLD LYME GOURMET COMPANY,52.290000000000006,21
2010,OLE MEXC FOODS INC,918.58,324
2010,OOGIES SNACK LLC,252.34,92
2010,OSEM EXP (1962) LTD,1785.31,1801
2010,PALLADIUM EQUITY PARTNERS,21823.87,14053
2010,PARKS LLC,171.81,69
2010,PARNASA INTERNATIONAL,1625.81,921
2010,PEANUT FCTY,96.46000000000001,55
2010,PECAN FACTORY,57.99,52
2010,PEERLESS POTATO CHIPS INC,64.73,17
2010,PENNY'S SALSA,390.33,97
2010,PEPSICO INC,416091.14,280816
2010,PLANETARY FOOD GROUP,4.69,1
2010,PLANTAIN PRODS CO,1382.24,713
2010,POP EM SNACKS,197.78,158
2010,POPCORN INDIANA/OS LLC.,8.97,3
2010,POPCORN N MORE,76.67,42
2010,POPLAR CENTER,127.28999999999999,51
2010,POPPEES POPCORN,1394.18,544
2010,PREMIUM POPPERS POPCORN COMPANY,457.85,105
2010,PRETZEL PARK BASEBALL BATS INC,20.0,40
2010,PROCTER & GAMBLE,0.65,1
2010,PRODUCTOS ALIMENTICIOS DIANA SA,888.32,719
2010,PURITY FOODS,11.600000000000001,4
2010,QUE PASA MEXICAN FOODS,3908.72,1049
2010,R. W. GARCIA CO,4856.92,1210
2010,RAB HOLDINGS,2460.96,1001
2010,RALPH GOOD INC,3785.64,1333
2010,RECKITT BENCKISER,19.45,5
2010,RICO BRAND,98.67,33
2010,RICOS TOSTADITOS INC,577.95,262
2010,ROBERT ROTHSCHILD FARM,6.98,2
2010,ROBERT'S AMER GMT,43851.99,14140
2010,ROLET FOOD PRODS CO,226.28,234
2010,ROMERO'S FOOD PRODS INC,444.33,197
2010,ROUTE11 POTATO CHIPS,429.34000000000003,301
2010,RP FOODS,23.14,8
2010,RUDOLPH FOODS,490.15,527
2010,SAN JUAN SALSA CO.,200.45000000000002,45
2010,SARGENTO FOOD COMPANY,1318.34,1008
2010,SAVORY FOODS INC,75.78,62
2010,SB GLOBAL TRADING CO,12.96,4
2010,SEASONS ENTP LTD,4361.03,1575
2010,SENECA FOODS CORP,522.76,256
2010,SHEARERS FOODS,2371.61,874
2010,SHULTZ FOODS CO,125.64,36
2010,SILVA FOODS OF KANSAS CITY,1319.17,408
2010,SNAK KING CORP.,6780.68,2533
2010,SNAPPY SNACKS INC.,5.25,5
2010,SNYDER'S OF HANOVER INC.,343137.64,134423
2010,SONNYS OLD FASHIONED PORK SKINS,533.21,436
2010,STATE LINE SNACKS CORP,194.14,86
2010,STEHMAN'S POTATO CHIPS INC.,48.86,14
2010,STERZING FOOD CO,1.98,2
2010,STONEHEDGE FARMS,121.63,60
2010,SUNCREST FARMS INC.,3511.68,2955
2010,SUNRIDGE FARMS,8.58,2
2010,SUZY Q'S KETTLE CORN,10.18,2
2010,TENNESSEE VALLEY HAM CO,325.34999999999997,175
2010,TERRA HARVEST FOODS INC,203.61,64
2010,TERRELLS POTATO CHIP CO,4015.28,1588
2010,THE HAIN CELESTIAL GROUP INC,62801.95,17709
2010,THE INVENTURE GROUP INC,4181.29,2497
2010,THE SNACK FACTORY INC,89.91,9
2010,THE TORTILLA KING INC,488.24,136
2010,TOMS FOODS INC,3215.77,2076
2010,TOPPER POPPER,152.54,79
2010,TORTILLA KING,551.09,406
2010,TORTILLERIA TEMECULA,115.97,33
2010,TRI-SUM POTATO CHIP CO INC,1492.45,535
2010,TROPICAL DEL CAMPO,38.7,30
2010,TROYER FARMS,3170.26,1633
2010,TURKEY CREEK PORK SKINS INC,623.6700000000001,405
2010,UBIQUITY BRANDS,5524.47,6578
2010,UNCLE HENRY'S PRETZEL BKR,136.15,35
2010,UTZ QUALITY FOODS,164728.8,88929
2010,VEGETAS,275.31,69
2010,VELVET CREME POPCORN CO INC.,450.11,102
2010,VIC'S CORN POPPER INC,5234.11,1676
2010,WACHUSETT POTATO CHIP CO,5838.32,3720
2010,WATERWHEEL INDUSTRIES,198.85,59
2010,WHITE MOUNTAIN KETTLE CORN LLC,502.74,126
2010,WILLIAMS SKIN COMPANY,48.65,35
2010,WORLD VARIETY PRODUCE INC,5.98,2
2010,XOCHITL INC,9548.67,2033
2010,ZAPPE ENDEAVORS INC,11116.45,7733
2011,A.B.COMPANY OF WISCONSIN,1304.3,1948
2011,ACTON CO INC,367.71000000000004,309
2011,ADELANTE INC,3863.78,1228
2011,ALBERS DEVELOPMENT LLC,76538.48,28377
2011,ALLEN CANNING CO,47482.65,25549
2011,ALTRIA GROUP,365865.59,136945
2011,AMERI FOODS SNACKS,58333.11,28602
2011,AMERIFOODS,132909.58,21816
2011,ANACON FOODS CO,41956.02,13052
2011,ANN'S HOUSE OF NUTS INC,3087.17,899
2011,ARA FOOD CORP,15350.16,9633
2011,ARBOR NUT PRODS,886.86,1203
2011,ART'S MEXC PRODS INC,13912.23,5427
2011,AUNT EM'S GOURMET POPCORN,168.43,47
2011,AURORA PRODUCTS,49595.99,8186
2011,AZTECA FOODS INC,36928.72,22865
2011,B&H COMPANY,18938.59,6858
2011,BACHMAN CO,1869608.54,766905
2011,BACKERS POTATO CHIP CO,4988.0,4988
2011,BALLREICH BROS INC,333648.18,106080
2011,BARBARA'S BAKERY,57497.1,26347
2011,BARCELONA NUT CO,21.36,24
2011,BAY SHORE PRODS INC,16.03,7
2011,BBM CHOCOLATE DISTRIBUTORS LTD,305.43,516
2011,BEATRICE FOODS CO,4817.78,2100
2011,BEIGEL & BEIGEL,41612.68,36861
2011,BENZEL BRETZEL BKR INC,174610.93,95639
2011,BETTER MADE SNACK FOODS INC,658901.0,261161
2011,BIMBO BAKERIES USA,149250.55,52988
2011,BIRDS EYE FOODS INC,342095.4,145109
2011,BLACKBIRD FOOD CO,925.32,173
2011,BLAIRS SAUCES AND SNACKS,18.59,11
2011,BLOOM PCKG CORP,2834.25,6716
2011,BOB EVANS FARMS INC,62660.66,17830
2011,BODACIOUS FOOD COMPANY,84301.09,23264
2011,BOLNERS FIESTA PRODS INC,507.78000000000003,294
2011,BRIMHALL FOODS CO INC,4894.6,4239
2011,C J VITNER CO,42555.04,61229
2011,C. R. FRANK POPCORN & SUPP,25599.15,7335
2011,CALBEE AMER INC,620969.88,338646
2011,CAMACHO TRTL MFG.,925.8,460
2011,CAPE COD POTATO CHIP,1432339.78,469270
2011,CAROLINA COUNTRY MANUFACTURING,17611.38,13624
2011,CARRIAGE HILL BRANDS INC,2429.57,2570
2011,CASA SANCHEZ,56633.82,18653
2011,CENTRAL SNACKS INC,14341.16,8364
2011,CHEEZE KURLS INC,35156.63,25361
2011,CHEMA PORK SKINS,77457.85,20232
2011,CHICHARRONES MAMBI,212.94,126
2011,CLASSIC FOODS INC,34811.88,34952
2011,COLBY RIDGE POPCORN,116053.55,49403
2011,COLLEGIATE SNACKS,838.99,350
2011,CONAGRA FOODS INC,1002785.23,592435
2011,CONN POTATO CHIP CO,7281.39,2862
2011,CROSS & PETERS INC,26054.17,12279
2011,CYCLONE ENTP,2585.4,1710
2011,DAKOTA STYLE CHIPS,732.34,327
2011,DANDY FOOD PROD,11449.47,7590
2011,DAY & NITE MARKET,1429.22,478
2011,DEL MONTE FOODS,624942.27,405436
2011,DEL REY TRTL INC,2492.69,1171
2011,DEMARCO INTERESTS INC,11281.71,10928
2011,DIAZ WHLSL & MFG. CO INC,145.27,103
2011,DIEFFENBACHS,39590.86,16304
2011,DON JULIO FOODS,154828.73,112622
2011,DORINA FOODS INC,31639.08,9567
2011,DOS PADRES INC.,35810.44,33656
2011,DOWNEY'S POTATO CHIPS,12362.42,3178
2011,DULION ESTATE BAKERY,2342.22,618
2011,EAST SHORE SPECIALTY FOODS,2374.14,786
2011,EDEN FOODS INC,685.39,161
2011,EL BURRITO MERCADO,28587.55,7366
2011,EL MATADOR TORTILLA FACTORY,269556.09,96577
2011,EL MILAGRO,414370.79,131812
2011,EL PARAISO MEXC FOOD PROD,5402.17,3597
2011,EL RANCHERO FOOD PRODS,327231.36,113793
2011,EL RIO TRTL INC,164.45,55
2011,EL-MATADOR FOODS INC,734.57,493
2011,ELMER'S FINE FOODS INC,3968.64,1956
2011,EMZEE SNACKS,18.55,15
2011,ENER-G FOODS INC,70159.94,29919
2011,ENERGY CLUB INC.,571.01,580
2011,EVANS FOOD PRODS CO,378141.55,276682
2011,FALLER'S PRETZEL CO.,5469.34,1406
2011,FEROLITO VULTAGGIO & SONS,894.78,606
2011,FESTIVAL TIME KETTLE KORN,15331.8,5683
2011,FOOD SHOULD TASTE GOOD,98651.64,37074
2011,FRANCH D A,258.87,472
2011,FRITOS ENCANTO DE MONTERREY SA,4513.0,8934
2011,FRONTERA FOODS INC.,26115.24,9754
2011,GARDEN FRESH SALSA CO,441670.16,137126
2011,GASLAMP POPCORN CO,6251.13,4234
2011,GEHL GUERNSEY FARMS INC,14.28,12
2011,GENERAL MILLS,8411919.03,3635889
2011,GENISOY PRODUCTS COMPANY,283032.12,108412
2011,GETTYSBURG PRETZEL CO INC,3320.75,925
2011,GLICKS FOOD CORP,2326.97,2137
2011,GLUTINO IMPORTATIONS DEROMA INC,396432.8,58967
2011,GOLD MEDAL PRODS,19098.12,9396
2011,GOLD MINERS III KETTLECORN,11710.53,2474
2011,GOLDEN FLAKE SNACK FOODS,760031.51,420016
2011,GOLDEN FLUFF,8601.88,8785
2011,GOLDEN PFC FOODS INC,511.17,373
2011,GONZALEZ FRIED PRODS,1277.64,756
2011,GOOD HEALTH NATURAL FOODS INC.,16357.95,6025
2011,GOYA FOODS INC,77864.96,39276
2011,GRANDE FOODS INC,463321.6,197706
2011,GREAT SKOTT FOODS INC,122.28,22
2011,GRIPPO POTATO CHIP CO INC,8455.89,4421
2011,GRUMA S A,268395.75,103995
2011,GUYS FOODS INC.,70874.36,27975
2011,HACIENDA MEXC FOOD PROD,42318.65,11849
2011,HAMMOND PRETZEL BKR INC,21203.01,7769
2011,HANIMEX COMPANY,45.77,23
2011,HANOVER FOODS CORP,24446.49,10829
2011,HAPPY HERBERT'S FOOD COMPANY I,2457.78,782
2011,HARPER'S CNTY HAMS INC,377.85,165
2011,HARRY AND DAVID,143.84,16
2011,HARTLEY'S POTATO CHIP CO. INC,8085.49,2471
2011,HARVIN CHOICE MEATS INC,1990.45,1465
2011,HAVE'A NATR FOODS,76927.18,33922
2011,HAW MEX DISTR,58121.42,29349
2011,HERR FOODS INC,4352768.76,1963494
2011,HILTON HEAD POPCORN,12828.8,4605
2011,HORKYS MEX FOOD PRODS & REST,21163.27,7388
2011,HORMEL FOODS,145134.63,50036
2011,HR POPPIN SNACKS,262.03,74
2011,HUME SPCL,183340.22,71001
2011,HUMPHREY CO,3537.09,5796
2011,HUMPTY DUMPTY CO.,170715.2,84848
2011,I & K DISTRIBUTORS,6668.19,2950
2011,IMAGE FOODS INC,20666.77,15093
2011,INKA CROPS,10769.93,8583
2011,INTERNATIONAL PROVISIONS,8933.73,4436
2011,IRA M MIDDLESWARTH & SON,403599.11,127074
2011,J & B SAUSAGE CO INC,2666.23,884
2011,J & M FOODS INC.,194.66,64
2011,J A N INC,369.28000000000003,222
2011,J E J GARCIA,1362.54,348
2011,J REISMAN & SONS INC,3302.17,3083
2011,JEAN'S FOODS INC,569.87,236
2011,JENKINS FOODS,4823.21,3590
2011,JOHN WM MACYS CHEESESTICKS,93026.89,24233
2011,JONES POTATO CHIP CO,139538.83,49197
2011,JUANITA'S FOODS,486058.57,219204
2011,JULIO'S SEASONING,68031.24,19989
2011,KAR NUT PRODS CO,621.01,292
2011,KARA FOODS,349.35,165
2011,KATIES OLD FASHIONED POTATO,1803.3,519
2011,KAY & RAY'S POTATO CHIPS,28271.9,7204
2011,KAYS NATURALS,386.46000000000004,114
2011,KELLOGG CO,268317.76,32085
2011,KETTLE CORN CAFE,112262.48,41228
2011,KETTLE CREEK OUTFITTERS,2225.9,709
2011,KETTLE FOODS INC,3591570.35,1401217
2011,KEYSTONE FOOD PRODS INC,56207.63,30208
2011,KIKKOMAN INTL INC,12341.57,4006
2011,KING HENRY'S,33.83,17
2011,KINGS POTATO CHIPS,2199.75,996
2011,KITCH'N COOK'D POTATO CHIP,19005.04,6800
2011,KITOV PRODS INC,6144.94,6405
2011,KLN ENTERPRISE,349769.17,165174
2011,KRAS,331.74,390
2011,KTCHN COOKED INC,384555.13,159687
2011,LA BONITA MEXICAN FOOD PROD,3231.51,1879
2011,LA CASA LTD.,160.55,45
2011,LA CHULITA FOOD PRODS INC,7053.29,2317
2011,LA MEXICANA INC,22354.83,6315
2011,LA PAZ CHILE,391.58,92
2011,LA POBLANITA MEXC FOODS,571.89,256
2011,LA PREFERIDA INC,3879.95,1975
2011,LA TAPATIA TORTILLERIA,3.68,1
2011,LAM'S FOODS INC.,2962.71,2993
2011,LANCE INC,32089.07,25435
2011,LANDAU CO,179.73999999999998,86
2011,LDI INC,164895.87,59179
2011,LEALS TORTILLA,1686.8799999999999,442
2011,LEHI VALLEY WHLSL,9168.37,2472
2011,LIEBER CHOC & FOOD PROD,2948.2,2782
2011,LIPARI FOODS INC,179.12,88
2011,LISBON SAUSAGE CO INC,1431.6,552
2011,LISY CORPORATION,398.31,238
2011,LIWAYWAY MARKETING CORPORATION,115.9,122
2011,LUNDBERG FAMILY FARMS,475274.0,171944
2011,M.L. WEEK ENTP INC,2009.05,2004
2011,M.S.A. ENTERPRISES,7725.95,2919
2011,MANDA PCKG CO,2754.15,746
2011,MANUEL'S HOT TAMALES INC,714.31,349
2011,MARILYN'S FRESH FOODS,2005.91,613
2011,MARQUEZ BROS MEXC IMP,538.3,243
2011,MARS INC,9053.289999999999,13119
2011,MARTIN SNACKS,364615.77,156155
2011,MARTIN'S POTATO CHIPS INC,1071034.85,410579
2011,MATILDA GROUP INC,37.84,16
2011,MAXIM MARKETING CORP,2790.46,1414
2011,MCCLEARY INDS INC,52539.25,48761
2011,MEDITCO INC.,177.21,49
2011,MERCADO LATINO OF L A,290.03,147
2011,MEXI-SNAX CORP,37752.82,9667
2011,MHM HOLDINGS,758.18,278
2011,MI CONSTENITA FOOD DIST.,402.96,184
2011,MI RANCHITO MEXICAN FOOD PRODUC,63157.85,41940
2011,MICHAEL DISTG CO INC,142117.99,73149
2011,MIKE SELL INC,92825.02,40579
2011,MISTER BEE POTATO CHIP CO,3194.5,1084
2011,MISTER SNACKS INC.,652.9499999999999,180
2011,MOOKS CHEESESTRAWS,10518.36,1464
2011,MORGAN ENTERPRISES,558.6,140
2011,MOVIE STYLE POPCORN CO,613.8,220
2011,MR G'S POTATO CHIP CO,13923.98,3467
2011,MRB SNACKS & ASSOCIATES,72319.05,69098
2011,MUMFORD'S POTATO CHIP CO,11176.46,2554
2011,MUTT & JEFF ENTP INC,4835.4,4260
2011,NATIONAL FOOD CORPORATION,30638.2,15378
2011,NATR FOOD SYS INC,256.29,41
2011,NATURESTAR,67865.44,23333
2011,NEWMANS OWN INC,112959.58,42998
2011,NONG SHIM LTD,1711.83,1485
2011,NORTHWEST MEXC FOODS INC,86222.17,36861
2011,O-M DISTR INC,5277.65,1795
2011,OBERTO SAUSAGE CO,13465.02,11864
2011,OCHO RIOS MIAMI INC.,1522.53,1171
2011,ODESSA TRTL & TAMALE FCTRY,435.98,182
2011,OLD DUTCH FOODS INC,1422469.36,518046
2011,OLD FASHIONED BRAND CO,879.48,252
2011,OLD LYME GOURMET COMPANY,5740.51,2378
2011,OLE MEXC FOODS INC,40837.93,14203
2011,OLE SALTY ROCKFORD,220.32,48
2011,OOGIES SNACK LLC,14832.6,5333
2011,OSEM EXP (1962) LTD,102058.57,94395
2011,PALLADIUM EQUITY PARTNERS,1444441.1,700751
2011,PANHANDLE POPCORN CO INC,87.69,31
2011,PARKS LLC,8389.13,3307
2011,PARNASA INTERNATIONAL,82935.29,48540
2011,PEANUT FCTY,3261.08,1950
2011,PECAN FACTORY,968.1,976
2011,PEERLESS POTATO CHIPS INC,5539.05,1415
2011,PENNY'S SALSA,2080.51,469
2011,PEPSICO INC,15571205.78,10447813
2011,PLANETARY FOOD GROUP,42.21000000000001,9
2011,PLANTAIN PRODS CO,94161.61,48482
2011,POP EM SNACKS,10787.01,8623
2011,POPCORN INDIANA/OS LLC.,1512.19,513
2011,POPCORN N MORE,1784.49,1015
2011,POPLAR CENTER,6365.44,2616
2011,POPPEES POPCORN,72042.05,28353
2011,PREMIUM POPPERS POPCORN COMPANY,21179.85,4799
2011,PRETZEL PARK BASEBALL BATS INC,1500.94,3001
2011,PROCTER & GAMBLE,41.74,20
2011,PRODUCTOS ALIMENTICIOS DIANA SA,51789.04,37829
2011,PURITY FOODS,339.29,122
2011,QUE PASA MEXICAN FOODS,149285.59,33005
2011,R. W. GARCIA CO,149613.95,31929
2011,RAB HOLDINGS,112993.45,46620
2011,RALPH GOOD INC,164259.66,60387
2011,RAP SNACKS,203.49,171
2011,RECKITT BENCKISER,630.72,139
2011,RICO BRAND,3568.79,1141
2011,RICOS TOSTADITOS INC,29177.73,13685
2011,ROBERT ROTHSCHILD FARM,17.96,4
2011,ROBERT'S AMER GMT,3057679.35,934895
2011,ROBIN DISTRIBUTING INC.,2728.67,3733
2011,ROLET FOOD PRODS CO,2863.59,2891
2011,ROMERO'S FOOD PRODS INC,20424.05,8455
2011,ROUTE11 POTATO CHIPS,25044.35,18651
2011,RP FOODS,4100.53,1462
2011,RUDOLPH FOODS,30416.47,32214
2011,RUSTY'S ISLAND CHIPS,415.74,246
2011,SABINAS TRTL FCTY,114.85000000000001,35
2011,SAN JUAN SALSA CO.,11076.65,2415
2011,SARGENTO FOOD COMPANY,97755.61,71734
2011,SAVORY FOODS INC,5926.34,4556
2011,SB GLOBAL TRADING CO,413.20000000000005,143
2011,SEASONS ENTP LTD,185990.45,60512
2011,SENECA FOODS CORP,30396.38,15093
2011,SHEARERS FOODS,40724.6,14454
2011,SHULTZ FOODS CO,15024.28,4580
2011,SILVA FOODS OF KANSAS CITY,44082.39,13591
2011,SNAK KING CORP.,305828.0,116406
2011,SNAPPY SNACKS INC.,84.29,81
2011,SNYDER'S OF HANOVER INC.,15641482.72,5709179
2011,SONNYS OLD FASHIONED PORK SKINS,24165.44,19497
2011,STATE LINE SNACKS CORP,13328.18,5854
2011,STEHMAN'S POTATO CHIPS INC.,1661.24,476
2011,STERZING FOOD CO,273.93,267
2011,STONEHEDGE FARMS,14655.31,8130
2011,SUNCREST FARMS INC.,162329.39,134942
2011,SUNRIDGE FARMS,260.36,72
2011,SUZY Q'S KETTLE CORN,25.740000000000002,6
2011,TENNESSEE VALLEY HAM CO,5798.48,2994
2011,TERRA HARVEST FOODS INC,5210.25,1656
2011,TERRELLS POTATO CHIP CO,196920.37,78044
2011,THE HAIN CELESTIAL GROUP INC,3123763.69,868672
2011,THE INVENTURE GROUP INC,359234.47,250777
2011,THE SNACK FACTORY INC,239.76,24
2011,THE TORTILLA KING INC,18468.41,4978
2011,TOMS FOODS INC,154265.45,92960
2011,TOPPER POPPER,7409.62,4036
2011,TORTILLA KING,20449.24,15509
2011,TORTILLERIA TEMECULA,9064.04,2516
2011,TRI-SUM POTATO CHIP CO INC,69139.38,23652
2011,TROPICAL DEL CAMPO,997.14,876
2011,TROYER FARMS,172704.97,81427
2011,TURKEY CREEK PORK SKINS INC,42042.48,29554
2011,UBIQUITY BRANDS,310433.05,348949
2011,UNCLE HENRY'S PRETZEL BKR,6550.76,1684
2011,UTZ QUALITY FOODS,8761096.69,4715380
2011,VEGETAS,7356.08,1842
2011,VELVET CREME POPCORN CO INC.,18160.38,4337
2011,VIC'S CORN POPPER INC,326598.47,107287
2011,VITAMINKA,400.51,501
2011,WACHUSETT POTATO CHIP CO,309568.38,194073
2011,WATERWHEEL INDUSTRIES,16549.38,5122
2011,WHITE MOUNTAIN KETTLE CORN LLC,24266.62,6082
2011,WILLIAMS SKIN COMPANY,1061.96,764
2011,WORLD VARIETY PRODUCE INC,212.29000000000002,71
2011,WRIGHT POPCORN & NUT CO,1350.78,1072
2011,WYANDOT INC,961.4300000000001,409
2011,XOCHITL INC,421862.75,87649
2011,ZAPPE ENDEAVORS INC,541139.69,368154
2011,ZETOV INC.,575.6,340
2012,A.B.COMPANY OF WISCONSIN,1439.71,2310
2012,ACTON CO INC,580.63,467
2012,ADELANTE INC,3175.69,1029
2012,ALBERS DEVELOPMENT LLC,56028.42,19061
2012,ALLEN CANNING CO,43335.3,22733
2012,ALTRIA GROUP,238248.41,87845
2012,AMERI FOODS SNACKS,61412.74,27653
2012,AMERIFOODS,127084.71,18914
2012,ANACON FOODS CO,41003.72,12487
2012,ANN'S HOUSE OF NUTS INC,3342.21,974
2012,ARBOR NUT PRODS,0.69,1
2012,ART'S MEXC PRODS INC,12407.52,4245
2012,AUNT EM'S GOURMET POPCORN,35.9,10
2012,AURORA PRODUCTS,45583.73,7437
2012,AZTECA FOODS INC,32266.0,19523
2012,B&H COMPANY,18182.69,4941
2012,BACHMAN CO,1055026.43,430178
2012,BACKERS POTATO CHIP CO,21505.56,21971
2012,BALLREICH BROS INC,317920.55,95216
2012,BARBARA'S BAKERY,62286.35,26644
2012,BBM CHOCOLATE DISTRIBUTORS LTD,77.58,162
2012,BEATRICE FOODS CO,1108.84,866
2012,BEIGEL & BEIGEL,42111.15,35334
2012,BENZEL BRETZEL BKR INC,175073.21,97090
2012,BETTER MADE SNACK FOODS INC,481962.38,186282
2012,BIMBO BAKERIES USA,153466.08,53955
2012,BIRDS EYE FOODS INC,235871.43,106611
2012,BLACKBIRD FOOD CO,286.53000000000003,61
2012,BLOOM PCKG CORP,1784.9,5900
2012,BOB EVANS FARMS INC,61628.69,17218
2012,BODACIOUS FOOD COMPANY,9660.93,2434
2012,BOLNERS FIESTA PRODS INC,101.35,55
2012,BRIMHALL FOODS CO INC,8547.76,6636
2012,C J VITNER CO,39973.78,33228
2012,CABO FOODS INC,5.97,3
2012,CALBEE AMER INC,658903.14,352932
2012,CAMACHO TRTL MFG.,199.29,91
2012,CAPE COD POTATO CHIP,604482.08,167111
2012,CAROLINA COUNTRY MANUFACTURING,20422.95,14758
2012,CARRIAGE HILL BRANDS INC,1742.27,1784
2012,CASA SANCHEZ,82944.32,26760
2012,CENTRAL SNACKS INC,12882.31,6119
2012,CHEEZE KURLS INC,34265.38,23408
2012,CHEMA PORK SKINS,60138.32,15084
2012,CLASSIC FOODS INC,33149.83,33261
2012,COLBY RIDGE POPCORN,136255.14,58926
2012,COLLEGIATE SNACKS,50.08,41
2012,CONAGRA FOODS INC,126769.39,65748
2012,CONN POTATO CHIP CO,3613.72,1213
2012,CROSS & PETERS INC,35193.83,16985
2012,CYCLONE ENTP,3392.79,2201
2012,DAKOTA STYLE CHIPS,244.09,125
2012,DANDY FOOD PROD,9541.49,6433
2012,DAY & NITE MARKET,1498.04,516
2012,DEL MONTE FOODS,605984.45,415573
2012,DEL REY TRTL INC,2.29,1
2012,DEMARCO INTERESTS INC,4125.34,1755
2012,DIEFFENBACHS,37495.38,14334
2012,DON JULIO FOODS,104502.18000000001,93556
2012,DORINA FOODS INC,21919.34,5880
2012,DOS PADRES INC.,5143.99,4051
2012,DOWNEY'S POTATO CHIPS,3912.16,1024
2012,DULION ESTATE BAKERY,3559.71,1028
2012,EAST SHORE SPECIALTY FOODS,1196.46,414
2012,EDEN FOODS INC,526.22,138
2012,EL BURRITO MERCADO,25963.54,6644
2012,EL MATADOR TORTILLA FACTORY,242088.12,88405
2012,EL MILAGRO,360459.41,110789
2012,EL PARAISO MEXC FOOD PROD,2436.86,1312
2012,EL RANCHERO FOOD PRODS,265917.82,88242
2012,EL RIO TRTL INC,1045.54,350
2012,EL-MATADOR FOODS INC,888.04,596
2012,ELMER'S FINE FOODS INC,3665.45,1805
2012,ENER-G FOODS INC,58401.32,23708
2012,ENERGY CLUB INC.,272.64,273
2012,EVANS FOOD PRODS CO,308283.12,215598
2012,FALLER'S PRETZEL CO.,3551.57,913
2012,FEROLITO VULTAGGIO & SONS,10908.61,9198
2012,FESTIVAL TIME KETTLE KORN,13955.99,5043
2012,FOOD SHOULD TASTE GOOD,49847.3,17319
2012,FRANCH D A,206.48,388
2012,FRITOS ENCANTO DE MONTERREY SA,1087.42,2020
2012,FRONTERA FOODS INC.,24225.89,9258
2012,GARDEN FRESH SALSA CO,169055.44,53287
2012,GASLAMP POPCORN CO,2868.75,1913
2012,GEHL GUERNSEY FARMS INC,32.67,33
2012,GENERAL MILLS,8079105.13,3346287
2012,GENISOY PRODUCTS COMPANY,156310.96,59452
2012,GETTYSBURG PRETZEL CO INC,4032.6,1100
2012,GLICKS FOOD CORP,1867.18,1765
2012,GLUTINO IMPORTATIONS DEROMA INC,477347.81,69828
2012,GOLD MEDAL PRODS,12160.43,8507
2012,GOLD MINERS III KETTLECORN,13898.28,3008
2012,GOLD'N KRISP CHIPS,43.33,23
2012,GOLDEN FLAKE SNACK FOODS,710095.55,427588
2012,GOLDEN FLUFF,8251.46,9126
2012,GOLDEN PFC FOODS INC,1217.68,853
2012,GONZALEZ FRIED PRODS,1210.98,769
2012,GOOD HEALTH NATURAL FOODS INC.,28651.04,10999
2012,GOYA FOODS INC,76103.5,37360
2012,GRAND POPS BEST,240.66,134
2012,GRANDE FOODS INC,398238.14,169708
2012,GREAT SKOTT FOODS INC,458.19,81
2012,GRIPPO POTATO CHIP CO INC,7069.0199999999995,3398
2012,GRUMA S A,233696.94,81675
2012,GUYS FOODS INC.,54717.96,19685
2012,HACIENDA MEXC FOOD PROD,32869.43,9180
2012,HAMMOND PRETZEL BKR INC,19744.79,6842
2012,HANIMEX COMPANY,25.08,12
2012,HANOVER FOODS CORP,16840.55,7158
2012,HAPPY HERBERT'S FOOD COMPANY I,1975.25,599
2012,HARRY AND DAVID,325.82,48
2012,HARTLEY'S POTATO CHIP CO. INC,7319.45,2265
2012,HARVIN CHOICE MEATS INC,1532.27,1103
2012,HAVE'A NATR FOODS,76395.09,32516
2012,HAW MEX DISTR,49625.7,23905
2012,HERR FOODS INC,3760290.36,1618289
2012,HILTON HEAD POPCORN,15280.26,5440
2012,HORKYS MEX FOOD PRODS & REST,5414.09,1701
2012,HORMEL FOODS,227763.86000000002,90847
2012,HR POPPIN SNACKS,351.68,101
2012,HUME SPCL,152887.75,57164
2012,HUMPHREY CO,4248.44,7618
2012,HUMPTY DUMPTY CO.,28147.34,14059
2012,I & K DISTRIBUTORS,5042.07,2195
2012,IMAGE FOODS INC,19287.26,14973
2012,INTERNATIONAL PROVISIONS,6418.72,3212
2012,IRA M MIDDLESWARTH & SON,427631.95,132630
2012,ISLAND SNACKS L.P.,82.0,82
2012,J A N INC,37.8,19
2012,J E J GARCIA,2103.4300000000003,536
2012,J REISMAN & SONS INC,1284.91,810
2012,JEAN'S FOODS INC,981.06,365
2012,JENKINS FOODS,6443.98,5452
2012,JOHN WM MACYS CHEESESTICKS,85045.46,21993
2012,JOHNSON'S POPCORN INC.,894.88,112
2012,JONES POTATO CHIP CO,124753.38,39804
2012,JUANITA'S FOODS,735062.27,309718
2012,JULIO'S SEASONING,128704.99,35166
2012,KARA FOODS,262.68,132
2012,KATIES OLD FASHIONED POTATO,1344.52,348
2012,KAY & RAY'S POTATO CHIPS,28443.39,6566
2012,KAYS NATURALS,666.64,216
2012,KELLOGG CO,234381.48,25756
2012,KETTLE CORN CAFE,131746.21,47439
2012,KETTLE CREEK OUTFITTERS,2258.2,781
2012,KETTLE FOODS INC,2965546.45,1066749
2012,KEYSTONE FOOD PRODS INC,65687.49,44482
2012,KIKKOMAN INTL INC,12490.9,4467
2012,KING HENRY'S,27.88,14
2012,KINGS POTATO CHIPS,1545.63,616
2012,KITCH'N COOK'D POTATO CHIP,19559.86,6840
2012,KITOV PRODS INC,6448.58,7578
2012,KLN ENTERPRISE,359791.48,156976
2012,KRAS,321.12,388
2012,KTCHN COOKED INC,480045.54,194985
2012,LA BONITA MEXICAN FOOD PROD,2232.13,1247
2012,LA CASA LTD.,9.98,2
2012,LA CHULITA FOOD PRODS INC,9479.39,2523
2012,LA MEXICANA INC,47777.15,14905
2012,LA PAZ CHILE,14.97,3
2012,LA POBLANITA MEXC FOODS,648.0699999999999,283
2012,LA PREFERIDA INC,4827.51,2570
2012,LA TAPATIA TORTILLERIA,72.76,17
2012,LAM'S FOODS INC.,189.09,191
2012,LANCE INC,49534.97,40739
2012,LDI INC,152726.65,48123
2012,LEALS TORTILLA,65.85,15
2012,LEHI VALLEY WHLSL,12287.54,3412
2012,LIEBER CHOC & FOOD PROD,2760.04,2553
2012,LIPARI FOODS INC,30.66,14
2012,LISBON SAUSAGE CO INC,1234.9,486
2012,LISY CORPORATION,433.79,258
2012,LIWAYWAY MARKETING CORPORATION,105.0,111
2012,LUNDBERG FAMILY FARMS,528185.78,179203
2012,M.L. WEEK ENTP INC,4209.34,4213
2012,M.S.A. ENTERPRISES,143.96,44
2012,MANDA PCKG CO,3571.05,900
2012,MANUEL'S HOT TAMALES INC,638.91,279
2012,MARILYN'S FRESH FOODS,23.130000000000003,7
2012,MARQUEZ BROS MEXC IMP,2117.2400000000002,676
2012,MARS INC,9549.68,13159
2012,MARTIN SNACKS,335327.03,135126
2012,MARTIN'S POTATO CHIPS INC,876578.26,317686
2012,MATILDA GROUP INC,6060.88,2973
2012,MAXIM MARKETING CORP,1645.44,842
2012,MCCLEARY INDS INC,12620.31,13351
2012,MCCLUSKEY DISTRIBUTING,6.23,7
2012,MEDITCO INC.,158.67,43
2012,MERCADO LATINO OF L A,620.9499999999999,325
2012,MEXI-SNAX CORP,34954.58,9027
2012,MHM HOLDINGS,365.85,129
2012,MI CONSTENITA FOOD DIST.,789.1899999999999,362
2012,MI RANCHITO MEXICAN FOOD PRODUC,42357.37,28419
2012,MICHAEL DISTG CO INC,139814.34,69318
2012,MIKE SELL INC,93546.75,39995
2012,MISTER BEE POTATO CHIP CO,1293.66,304
2012,MISTER SNACKS INC.,490.76,134
2012,MOOKS CHEESESTRAWS,10275.83,1400
2012,MORGAN ENTERPRISES,670.32,168
2012,MR G'S POTATO CHIP CO,16924.23,4244
2012,MRB SNACKS & ASSOCIATES,9945.95,6247
2012,MRS FISHER'S INC,171.57,43
2012,MUMFORD'S POTATO CHIP CO,4515.12,1048
2012,MUTT & JEFF ENTP INC,5207.95,4505
2012,NATIONAL FOOD CORPORATION,3758.38,1815
2012,NATR FOOD SYS INC,160.59,36
2012,NATURESTAR,57182.08,18704
2012,NEWMANS OWN INC,85077.66,32741
2012,NONG SHIM LTD,2422.14,1965
2012,NORTHWEST MEXC FOODS INC,66836.86,26710
2012,O-M DISTR INC,2747.67,926
2012,OBERTO SAUSAGE CO,15579.05,13892
2012,ODESSA TRTL & TAMALE FCTRY,346.11,139
2012,OLD DUTCH FOODS INC,1229443.73,413787
2012,OLD FASHIONED BRAND CO,552.05,155
2012,OLD LYME GOURMET COMPANY,7202.33,2711
2012,OLE MEXC FOODS INC,46161.56,15795
2012,OOGIES SNACK LLC,9925.35,3648
2012,OSEM EXP (1962) LTD,102614.84,95029
2012,PALLADIUM EQUITY PARTNERS,1460717.9,572974
2012,PANHANDLE POPCORN CO INC,59.07,13
2012,PARKS LLC,12876.43,4705
2012,PARNASA INTERNATIONAL,43331.27,25324
2012,PASKESZ CANDY CO,34.45,76
2012,PEANUT FCTY,1772.93,1076
2012,PECAN FACTORY,1828.51,1986
2012,PEERLESS POTATO CHIPS INC,5003.67,1183
2012,PEPSICO INC,11775744.22,4325076
2012,PLANTAIN PRODS CO,7434.75,4117
2012,POP EM SNACKS,8795.03,7033
2012,POPCORN INDIANA/OS LLC.,1889.15,857
2012,POPCORN N MORE,1340.77,719
2012,POPLAR CENTER,3854.26,1494
2012,POPPEES POPCORN,84043.61,32194
2012,PREMIUM POPPERS POPCORN COMPANY,25971.37,5883
2012,PRETZEL PARK BASEBALL BATS INC,30.5,61
2012,PRIMROSE CANDY CO,72.01,19
2012,PROCTER & GAMBLE,2.79,1
2012,PRODUCTOS ALIMENTICIOS DIANA SA,61659.29,42637
2012,PURITY FOODS,478.31,167
2012,QUAY,60.76,24
2012,QUE PASA MEXICAN FOODS,145570.63,30778
2012,R. W. GARCIA CO,155417.22,32038
2012,RAB HOLDINGS,61768.47,24353
2012,RALPH GOOD INC,179361.13,66122
2012,RECKITT BENCKISER,829.98,145
2012,RICO BRAND,3273.44,746
2012,RICOS TOSTADITOS INC,33263.66,18111
2012,ROBERT'S AMER GMT,3528082.24,1085374
2012,ROMERO'S FOOD PRODS INC,16340.15,6496
2012,ROUTE11 POTATO CHIPS,22556.68,16772
2012,RP FOODS,2599.34,859
2012,RUDOLPH FOODS,5532.49,7611
2012,RUSTY'S ISLAND CHIPS,699.66,414
2012,SAN JUAN SALSA CO.,12499.48,2573
2012,SAVORY FOODS INC,1980.73,2001
2012,SB GLOBAL TRADING CO,2170.81,833
2012,SEASONS ENTP LTD,175618.01,56672
2012,SENECA FOODS CORP,23880.53,11859
2012,SHEARERS FOODS,970.71,435
2012,SHULTZ FOODS CO,13447.369999999999,3904
2012,SILVA FOODS OF KANSAS CITY,40414.57,12422
2012,SNAK KING CORP.,253596.66,90086
2012,SNAPPY SNACKS INC.,29.78,28
2012,SNYDER'S OF HANOVER INC.,15025183.16,5319286
2012,SONNYS OLD FASHIONED PORK SKINS,20735.4,21612
2012,STATE LINE SNACKS CORP,8623.9,3691
2012,STEHMAN'S POTATO CHIPS INC.,1426.75,385
2012,STERZING FOOD CO,543.75,455
2012,STONEHEDGE FARMS,14926.06,7674
2012,SUNCREST FARMS INC.,123112.21,100953
2012,SUNRIDGE FARMS,125.81,45
2012,TENNESSEE VALLEY HAM CO,6597.41,3340
2012,TERRA HARVEST FOODS INC,95.02,28
2012,TERRELLS POTATO CHIP CO,186402.15,68261
2012,THE HAIN CELESTIAL GROUP INC,3367344.8,914100
2012,THE INVENTURE GROUP INC,151479.44,105747
2012,THE TORTILLA KING INC,16262.15,4406
2012,TOMS FOODS INC,127708.97,74875
2012,TOPPER POPPER,8257.57,4493
2012,TORTILLA KING,11936.23,8986
2012,TORTILLERIA TEMECULA,14744.13,4107
2012,TRI-SUM POTATO CHIP CO INC,63025.27,21793
2012,TROYER FARMS,103203.61,41984
2012,TRUCO ENTERPRISES,3.5,1
2012,TURKEY CREEK PORK SKINS INC,35221.49,27097
2012,UBIQUITY BRANDS,273707.19,260358
2012,UNCLE HENRY'S PRETZEL BKR,2720.26,636
2012,UTZ QUALITY FOODS,7531283.82,3321631
2012,VELVET CREME POPCORN CO INC.,12301.72,2660
2012,VIC'S CORN POPPER INC,283255.21,91559
2012,VITAMINKA,939.78,1230
2012,WACHUSETT POTATO CHIP CO,167348.62,126427
2012,WATERWHEEL INDUSTRIES,14686.05,4426
2012,WHITE MOUNTAIN KETTLE CORN LLC,12108.130000000001,3037
2012,WORLD VARIETY PRODUCE INC,119.60000000000001,40
2012,WRIGHT POPCORN & NUT CO,724.98,726
2012,WYANDOT INC,95.63,76
2012,XOCHITL INC,743576.33,160694
2012,ZAPPE ENDEAVORS INC,379710.85,232987
2012,ZETOV INC.,648.58,382
